"dimension_coordinate.primary","dimension_coordinate.PC1","dimension_coordinate.PC2","dimension_coordinate.PC3","dimension_axis"
"J_XYL_F_0001_01",-0.0771886188056313,0.0422227194513806,0.00305408787800568,44.02
"J_XYL_F_0001_02",-0.206623177475274,0.107317987759562,0.00549385556086326,31.12
"J_XYL_F_0002_01",-0.0134645820045602,-0.00546751709420565,-0.00705602287593642,24.86
"J_XYL_F_0002_02",-0.0171168793968975,-0.0133104436709225,-0.0540089742783784,44.02
"J_XYL_F_0003_01",-0.00966890781706396,-0.00216234124323984,-0.025952717936283,31.12
"J_XYL_F_0003_02",-0.0294977775703296,-0.0463888972371944,-0.421039085438495,24.86
"J_XYL_F_0004_01",-0.0124105223767096,-0.0224493383845745,-0.00488661960372027,44.02
"J_XYL_F_0004_02",-0.0330662908947074,-0.0364604487634548,-0.000352498492373101,31.12
"J_XYL_F_0005_01",-0.00823725134624486,0.000324478892866244,-0.0149085022460454,24.86
"J_XYL_F_0005_02",-0.0285545237853014,0.00355186876583849,-0.0209307829244361,44.02
"J_XYL_F_0006_01",-0.0087078983727372,0.0007313880486922,-0.00651915425235144,31.12
"J_XYL_F_0006_02",-0.011840314825206,0.00155066641717627,-0.0243679583927868,24.86
"J_XYL_F_0010_01",-0.0110902920570632,-7.75602217820961e-05,-0.0174733269886312,44.02
"J_XYL_F_0010_02",-0.0162860548019326,-0.00277669713218345,-0.0187889511580665,31.12
"J_XYL_F_0012_01",-0.0377784073763185,-0.0459451128927907,-0.410750102702597,24.86
"J_XYL_F_0012_02",-0.0243352749498439,-0.0344727647236004,-0.351901750996698,44.02
"J_XYL_F_0013_01",-0.0263006390154559,0.0098001756318955,-0.0160775366025893,31.12
"J_XYL_F_0013_02",-0.0498644852199785,0.0206146648672116,-0.00726257617253954,24.86
"J_XYL_F_0015_01",-0.0693002275990999,0.0272423158124158,-0.00627230973334662,44.02
"J_XYL_F_0015_02",-0.0225486454242009,0.00619157819780082,-0.04097228130686,31.12
"J_XYL_F_0016_01",-0.0734156834375616,0.020583909715785,-0.0223875419084708,24.86
"J_XYL_F_0016_02",-0.0364111934389246,0.0171779294813665,-0.00781048850394993,44.02
"J_XYL_F_0018_01",-0.026108333966467,-0.0261926400116342,-0.0149012691640578,31.12
"J_XYL_F_0018_02",-0.00548126916386153,0.00158455957710292,-0.00321157353790488,24.86
"J_XYL_F_0020_01",-0.015390075148319,-0.0413104356232688,-0.00579541313575253,44.02
"J_XYL_F_0020_02",-0.0209055537833964,-0.00156816794669726,-0.00540092000186578,31.12
"J_XYL_F_0025_01",-0.0164868232249356,0.000641465263034658,-0.0098032351343787,24.86
"J_XYL_F_0025_02",-0.0610307846330111,0.0225731709326988,-0.00710649147742536,44.02
"J_XYL_F_0031_01",-0.0563296170310177,-0.131702810765686,0.0161120406772803,31.12
"J_XYL_F_0031_02",-0.0424334417745055,-0.0753796051340869,0.0116273189356321,24.86
"J_XYL_F_0032_01",-0.0179800123049025,-0.00429334212131301,-0.00508462937736612,44.02
"J_XYL_F_0032_02",-0.0262323671551182,-0.0268556781742435,-0.0012399111692948,31.12
"J_XYL_F_0034_01",-0.0576111247965082,-0.017425530782636,0.000966769464589845,24.86
"J_XYL_F_0034_02",-0.181572749923345,0.0874354768502722,0.00581746226844866,44.02
"J_XYL_F_0036_01",-0.0458651245367107,0.0208574368508474,-0.00993908641999167,31.12
"J_XYL_F_0036_02",-0.00998166636498132,0.00111238430828989,-0.00660070571107845,24.86
"J_XYL_F_0043_01",-0.0410976453516825,-0.0715787906468791,0.00491424731872059,44.02
"J_XYL_F_0043_2",-0.0111693171960582,0.00100340190642824,-0.00916219669754933,31.12
"J_XYL_F_0044_01",-0.0561997117468783,0.0284806531670686,-0.000741207022019248,24.86
"J_XYL_F_0044_02",-0.0173449348800444,0.00274625584261529,-0.00389634615181626,44.02
"J_XYL_F_0045_01",-0.218911953407122,0.118217155500267,0.0103431489986321,31.12
"J_XYL_F_0045_2",-0.347151272705709,0.194831444327594,0.0151497724547333,24.86
"J_XYL_F_0046_01",-0.0164987345638756,-0.00473785635521832,-0.0133453022900462,44.02
"J_XYL_F_0046_02",-0.0636916709616656,0.0305692526068589,-0.00592711229196156,31.12
"J_XYL_F_0047_01",-0.0816831574940458,0.0124170678032198,0.0040592152166082,24.86
"J_XYL_F_0047_02",-0.0401102593120434,-0.00361496089619808,-0.00437138377780461,44.02
"J_XYL_F_0048_01",-0.210753974196201,0.113627235149669,0.0157966288493807,31.12
"J_XYL_F_0049_02",-0.0257960718576134,0.00741731159392993,-0.0110295428938865,24.86
"J_XYL_F_0050_01",-0.197771374615683,0.104877449383943,0.00659375598252237,44.02
"J_XYL_F_0050_02",-0.0325714252306876,0.0182863501368486,0.00219270695419099,31.12
"J_XYL_F_0051_01",-0.204170616150934,0.113281062131659,0.0110349124501722,24.86
"J_XYL_F_0051_02",-0.00587062094661098,-0.0139029728257023,-0.0137339365813581,44.02
"J_XYL_F_0053_01",-0.0330925883889754,-0.0404446747005092,-0.116689281971058,31.12
"J_XYL_F_0053_02",-0.017557121988582,-0.0203528811626983,-0.0623231879395617,24.86
"J_XYL_F_0057_01",-0.0256620821238379,0.000455418569023576,-0.00402024072666788,44.02
"J_XYL_F_0057_02",-0.0318348711924835,-0.031036628120466,-0.0139407921843552,31.12
"J_XYL_F_0058_01",-0.143783693691352,0.073752752212761,0.00631217745967717,24.86
"J_XYL_F_0058_02",-0.0240921034948309,0.00296860764434668,-0.00916088844959034,44.02
"J_XYL_F_0059_01",-0.0164535314327397,-0.00165968606574543,-0.0124883109962574,31.12
"J_XYL_F_0059_02",-0.033177839941537,-0.0014915593765068,-0.0289680600451304,24.86
"J_XYL_F_0060_01",-0.0502388397856011,-0.00569805513890467,0.00125285052816203,44.02
"J_XYL_F_0060_02",-0.05457348818416,-0.149623232233524,0.026771654615111,31.12
"J_XYL_F_0061_01",-0.0185739156400384,-0.0210113904507462,-0.000637090061157527,24.86
"J_XYL_F_0061_02",-0.0103644310247933,0.00165516448729533,-0.00359199484929763,44.02
"J_XYL_F_0062_01",-0.0209297427646407,-0.00699891510515286,-0.0456960098831456,31.12
"J_XYL_F_0062_02",-0.0147199555514639,-0.025234285704395,-0.0340975333655272,24.86
"J_XYL_F_0064_01",-0.249351029612987,0.131796006868663,0.0130552392375905,44.02
"J_XYL_F_0064_02",-0.118891154466172,0.0645258331375245,0.00331301053681237,31.12
"J_XYL_F_0065_01",-0.035707340453198,0.00849334389250281,-0.0585494812407806,24.86
"J_XYL_F_0065_02",-0.0171733787050783,0.0041958998555602,-0.00872923350020322,44.02
"J_XYL_F_0066_01",-0.0581526175025941,0.0253088027224133,-0.00404105849532503,31.12
"J_XYL_F_0066_02",-0.0586735175304617,-0.0800482821540436,0.0138909300502375,24.86
"K_XYL_F_0001_01",-0.0370096248251378,0.0176896491799875,-0.000967454530473429,44.02
"K_XYL_F_0001_02",-0.239250962925382,-0.433802152360283,0.11057435943363,31.12
"K_XYL_F_0002_01",-0.298620326175306,0.146784441673494,0.0227500833313494,24.86
"K_XYL_F_0002_02",-0.170471331483186,-0.200387760563413,0.0604581386992428,44.02
"K_XYL_F_0003_01",-0.00999319387489102,0.00126897655905445,-0.00381451354421928,31.12
"K_XYL_F_0003_02",-0.225820485559476,0.0826216311262898,0.00535257780830423,24.86
"K_XYL_F_0004_01",-0.120882464140542,0.0621803289758012,0.0062301154842373,44.02
"K_XYL_F_0004_02",-0.272113953503911,0.0179953760130332,0.0405677944091363,31.12
"K_XYL_F_0005_01",-0.0110954016918296,-0.00529397957306647,-0.00177902364200941,24.86
"K_XYL_F_0005_02",-0.058300502338768,-0.181076109041785,0.0339435532770211,44.02
"K_XYL_F_0007_01",-0.0672286655956814,0.0298907074106419,-0.00280724793222555,31.12
"K_XYL_F_0007_02",-0.023000483530829,-0.0142022326642634,-0.0164560488169111,24.86
"K_XYL_F_0008_01",-0.0401676539444472,0.0182461138886906,-0.00981215219088439,44.02
"K_XYL_F_0008_02",-0.0784268430096035,0.0405673909689724,-0.0122561910971352,31.12
"K_XYL_F_0009_01",-0.00998432586163164,-0.0136031948208,-0.0159113531064656,24.86
"K_XYL_F_0009_02",-0.0377471661462407,-0.0317976554544275,-0.0136891284226656,44.02
"K_XYL_F_0009_03",-0.0325655346548,-0.0995977833358769,-0.0788769285242849,31.12
"K_XYL_F_0011_01",-0.0101255496961271,-0.00266279616934022,-0.0109110367712423,24.86
"K_XYL_F_0011_02",-0.0124203951738262,-0.00394407938908593,-0.0249234188534,44.02
"K_XYL_F_0012_01",-0.0101953126649093,-0.0196035701733839,-0.0211361393603633,31.12
"K_XYL_F_0012_02",-0.0208782254121461,-0.0318559692504929,-0.31517179865739,24.86
"K_XYL_F_0013_01",-0.00590724549276634,-0.00319461780531308,-0.012883053422526,44.02
"K_XYL_F_0013_02",-0.0282070871700779,-0.0358273292338593,-0.229717830564761,31.12
"K_XYL_F_0017_01",-0.0682482637109486,-0.0363495721300698,0.0044670381106884,24.86
"K_XYL_F_0017_02",-0.099723305734549,0.0379075682540226,0.00490730853626376,44.02
"K_XYL_F_0018_01",-0.0335178738650185,-0.0720959192316189,-0.0101445793556779,31.12
"K_XYL_F_0018_02",-0.0153993669230335,-0.014374715674601,-0.0020676201549378,24.86
"K_XYL_F_0022_01",-0.0166933804105924,-0.00827366958675795,-0.000347693836181877,44.02
"K_XYL_F_0022_02",-0.02231431732354,-0.0267249449963695,-0.257002272457023,31.12
"K_XYL_F_0028_01",-0.0160408740072299,-0.0015357264507507,-0.0027112342561039,24.86
"K_XYL_F_0028_02",-0.0170855291315311,-0.00559144964827164,-0.000932283702532905,44.02
"K_XYL_F_0030_02",-0.0136937365860138,-0.00625582384709322,-0.0119519003715361,31.12
"K_XYL_F_0030_03",-0.0110113004971272,-0.002893858176032,-0.00213812785848991,24.86
"K_XYL_F_0033_01",-0.0399710355001783,-0.108338798864832,-0.0478319961277807,44.02
"K_XYL_F_0033_02",-0.0586390715477049,-0.184813454385503,-0.0598961912189786,31.12
"K_XYL_F_0035_01",-0.00827825844364272,-0.00825700519175368,-0.0156097841047978,24.86
"K_XYL_F_0035_02",-0.012632688480802,-0.00742468298114932,-0.0123651235837553,44.02
"K_XYL_F_0035_03",-0.01079363613894,0.000625776654434676,-0.00720762922996614,31.12
"K_XYL_F_0036_01",-0.0278951564369847,-0.00632618152407279,-0.00984175881647444,24.86
"K_XYL_F_0036_02",-0.0275472228766616,-0.0879860740067867,0.00424267102603796,44.02
"K_XYL_F_0037_01",-0.0193946944043332,-0.0256341003501483,-0.255154992120286,31.12
"K_XYL_F_0037_02",-0.0177758351380068,-0.0313702679640282,-0.283937913417039,24.86
"K_XYL_F_0038_01",-0.102944978639759,-0.127810298164127,0.0322576833007487,44.02
"K_XYL_F_0038_02",-0.120934648402721,-0.360122327306374,0.071639526015661,31.12
"K_XYL_F_0039_01",-0.0176831059036789,-0.000975730631652669,-0.00946683920483522,24.86
"K_XYL_F_0039_02",-0.164428855020011,0.0708025786020308,0.0143846781181923,44.02
"K_XYL_F_0042_01",-0.0192490294215528,-0.0166993909330861,-0.139028688796761,31.12
"K_XYL_F_0042_02",-0.0199691637913053,-0.0339619854332788,-0.162191243320785,24.86
"K_XYL_F_0043_01",-0.0558945489714712,-0.153319401581081,0.0261725609436717,44.02
"K_XYL_F_0043_02",-0.0903090140102504,-0.31912936822513,0.0627741681298925,31.12
"K_XYL_F_0044_01",-0.0560562215247186,-0.161703061558036,0.0280573975112891,24.86
"K_XYL_F_0044_02",-0.0622793251830665,-0.193629932560169,0.0312894898017797,44.02
"K_XYL_F_0045_01",-0.0368014396194036,-0.00231735762676379,-0.112553271214547,31.12
"K_XYL_F_0045_02",-0.0726080340903922,-0.177245901823119,0.0282525670617746,24.86
"K_XYL_F_0046_01",-0.0344403689540159,-0.00115941252230864,-0.119115249853925,44.02
"K_XYL_F_0046_02",-0.0848547263332435,-0.190650020501949,0.0354486390817852,31.12
"K_XYL_F_0047_01",-0.013469455758685,-0.00557294923434553,-0.0209508891581047,24.86
"K_XYL_F_0047_02",-0.0139596356816986,-0.00124831506817536,-0.0168081707192432,44.02
"K_XYL_F_0048_01",-0.0179264636498748,-0.0204054486583853,-0.0782370981391594,31.12
"K_XYL_F_0048_02",-0.00865739460920891,-0.00047741981465072,-0.00630876459990759,24.86
